prompt_family,condition,n_runs,vader_mean,vader_std,tb_mean,tb_std,len_mean,words_mean,mentions_mean
H1_framing,negative,3,0.23523333333333332,1.0629832046337013,0.15383838383838386,0.12165573612484683,2181.3333333333335,342.6666666666667,13.0
H1_framing,positive,3,0.9817333333333332,0.008051293891874358,0.13010205256013185,0.05290574539824414,2264.3333333333335,341.0,10.666666666666666
H2_demo,no_demo,3,0.024099999999999972,0.8121752704927675,0.18315972222222224,0.040760916392664104,1239.0,189.33333333333334,8.666666666666666
H2_demo,with_classyear,3,0.8067666666666667,0.1834890278281874,0.24553240740740742,0.2773593752843548,1113.6666666666667,178.0,8.666666666666666
H3_priming,primed,3,0.9488333333333333,0.05601127862612435,0.055855352587378726,0.06949712801430731,2208.6666666666665,357.0,34.0
H3_priming,unprimed,3,0.9822333333333333,0.0038501082235870925,0.24189051689051688,0.049435743096574565,1800.3333333333333,273.0,11.333333333333334
